unixtimestamp,date,high,low,close,thursdays,expirydate,firstclose,firstclosedate,strikeprice,downloaded_filename,cleaned_filename,downloaded,strike_price_call_name,strike_price_call,strike_price_call_high,strike_price_call_low,strike_price_put_name,strike_price_put,strike_price_put_high,strike_price_put_low,position_price,position_price_max_1,position_price_max_2
1701834300,2023-12-06,20961.94921875,20852.150390625,20937.69921875,2023-12-07,2023-12-07,20937.69921875,2023-12-06,20900,op061223.csv,op061223_cleaned.csv,True,OPTIDXNIFTY07-DEC-2023CE20900,87.95,117.55,45.65,OPTIDXNIFTY07-DEC-2023PE20900,34.8,88.85,28.6,122.75,146.15,134.5
1701920700,2023-12-07,20941.25,20850.80078125,20901.150390625,2023-12-07,2023-12-07,20937.69921875,2023-12-06,20900,op071223.csv,op071223_cleaned.csv,True,OPTIDXNIFTY07-DEC-2023CE20900,2.55,87.0,0.85,OPTIDXNIFTY07-DEC-2023PE20900,3.4,67.9,0.05,5.949999999999999,87.05,68.75
1702007100,2023-12-08,21006.099609375,20862.69921875,20969.400390625,2023-12-14,2023-12-14,20969.400390625,2023-12-08,21000,op081223.csv,op081223_cleaned.csv,True,OPTIDXNIFTY14-DEC-2023CE21000,110.4,140.0,64.55,OPTIDXNIFTY14-DEC-2023PE21000,95.7,170.95,84.5,206.10000000000002,224.5,235.5
1702266300,2023-12-11,21026.099609375,20923.69921875,20997.099609375,2023-12-14,2023-12-14,20969.400390625,2023-12-08,21000,op111223.csv,op111223_cleaned.csv,True,OPTIDXNIFTY14-DEC-2023CE21000,101.7,127.35,79.55,OPTIDXNIFTY14-DEC-2023PE21000,79.75,115.35,65.55,181.45,192.89999999999998,194.89999999999998
1702352700,2023-12-12,21037.900390625,20867.150390625,20906.400390625,2023-12-14,2023-12-14,20969.400390625,2023-12-08,21000,op121223.csv,op121223_cleaned.csv,True,OPTIDXNIFTY14-DEC-2023CE21000,58.25,121.8,45.55,OPTIDXNIFTY14-DEC-2023PE21000,109.9,129.7,55.5,168.15,177.3,175.25
1702439100,2023-12-13,20950.0,20769.5,20926.349609375,2023-12-14,2023-12-14,20969.400390625,2023-12-08,21000,op131223.csv,op131223_cleaned.csv,True,OPTIDXNIFTY14-DEC-2023CE21000,22.9,60.0,9.05,OPTIDXNIFTY14-DEC-2023PE21000,93.3,213.65,81.6,116.19999999999999,141.6,222.70000000000002
1702525500,2023-12-14,21210.900390625,21074.44921875,21182.69921875,2023-12-14,2023-12-14,20969.400390625,2023-12-08,21000,op141223.csv,op141223_cleaned.csv,True,OPTIDXNIFTY14-DEC-2023CE21000,173.0,212.0,71.15,OPTIDXNIFTY14-DEC-2023PE21000,0.1,24.95,0.05,173.1,212.05,96.10000000000001
1702611900,2023-12-15,21492.30078125,21235.30078125,21456.650390625,2023-12-21,2023-12-21,21456.650390625,2023-12-15,21500,op151223.csv,op151223_cleaned.csv,True,OPTIDXNIFTY21-DEC-2023CE21500,123.45,152.0,39.2,OPTIDXNIFTY21-DEC-2023PE21500,116.1,236.6,103.05,239.55,255.05,275.8
1702871100,2023-12-18,21482.80078125,21365.349609375,21418.650390625,2023-12-21,2023-12-21,21456.650390625,2023-12-15,21500,op181223.csv,op181223_cleaned.csv,True,OPTIDXNIFTY21-DEC-2023CE21500,65.4,120.0,52.35,OPTIDXNIFTY21-DEC-2023PE21500,147.35,161.55,114.3,212.75,234.3,213.9
1702957500,2023-12-19,21505.05078125,21337.75,21453.099609375,2023-12-21,2023-12-21,21456.650390625,2023-12-15,21500,op191223.csv,op191223_cleaned.csv,True,OPTIDXNIFTY21-DEC-2023CE21500,55.0,97.4,34.05,OPTIDXNIFTY21-DEC-2023PE21500,93.15,177.9,65.15,148.15,162.55,211.95
1703043900,2023-12-20,21593.0,21087.349609375,21150.150390625,2023-12-21,2023-12-21,21456.650390625,2023-12-15,21500,op201223.csv,op201223_cleaned.csv,True,OPTIDXNIFTY21-DEC-2023CE21500,4.7,125.0,3.5,OPTIDXNIFTY21-DEC-2023PE21500,354.7,417.5,24.95,359.4,149.95,421.0
1703130300,2023-12-21,21288.349609375,20976.80078125,21255.05078125,2023-12-21,2023-12-21,21456.650390625,2023-12-15,21500,op211223.csv,op211223_cleaned.csv,True,OPTIDXNIFTY21-DEC-2023CE21500,0.15,3.1,0.05,OPTIDXNIFTY21-DEC-2023PE21500,252.3,550.0,219.25,252.45000000000002,222.35,550.05
1703216700,2023-12-22,21390.5,21232.44921875,21349.400390625,2023-12-28,2023-12-28,21349.400390625,2023-12-22,21300,op221223.csv,op221223_cleaned.csv,True,OPTIDXNIFTY28-DEC-2023CE21300,189.55,252.95,126.25,OPTIDXNIFTY28-DEC-2023PE21300,81.15,141.95,72.6,270.70000000000005,325.54999999999995,268.2
1703562300,2023-12-26,21477.150390625,21329.44921875,21441.349609375,2023-12-28,2023-12-28,21349.400390625,2023-12-22,21300,op261223.csv,op261223_cleaned.csv,True,OPTIDXNIFTY28-DEC-2023CE21300,209.5,274.3,135.15,OPTIDXNIFTY28-DEC-2023PE21300,36.05,82.55,28.55,245.55,302.85,217.7
1703648700,2023-12-27,21675.75,21495.80078125,21654.75,2023-12-28,2023-12-28,21349.400390625,2023-12-22,21300,op271223.csv,op271223_cleaned.csv,True,OPTIDXNIFTY28-DEC-2023CE21300,386.0,415.0,235.0,OPTIDXNIFTY28-DEC-2023PE21300,7.25,22.35,6.45,393.25,421.45,257.35
1703735100,2023-12-28,21801.44921875,21678.0,21778.69921875,2023-12-28,2023-12-28,21349.400390625,2023-12-22,21300,op281223.csv,op281223_cleaned.csv,True,OPTIDXNIFTY28-DEC-2023CE21300,474.55,491.5,394.2,OPTIDXNIFTY28-DEC-2023PE21300,0.15,4.7,0.05,474.7,491.55,398.9
1703821500,2023-12-29,21770.30078125,21676.900390625,21731.400390625,2024-01-04,2024-01-04,21731.400390625,2023-12-29,21700,op291223.csv,op291223_cleaned.csv,True,OPTIDXNIFTY04-JAN-2024CE21700,186.6,300.0,146.9,OPTIDXNIFTY04-JAN-2024PE21700,96.1,154.9,78.45,282.7,378.45,301.8
1704080700,2024-01-01,21834.349609375,21680.849609375,21741.900390625,2024-01-04,2024-01-04,21731.400390625,2023-12-29,21700,op010124.csv,op010124_cleaned.csv,True,OPTIDXNIFTY04-JAN-2024CE21700,162.65,271.25,112.25,OPTIDXNIFTY04-JAN-2024PE21700,66.5,127.65,36.15,229.15,307.4,239.9
1704167100,2024-01-02,21755.599609375,21555.650390625,21665.80078125,2024-01-04,2024-01-04,21731.400390625,2023-12-29,21700,op020124.csv,op020124_cleaned.csv,True,OPTIDXNIFTY04-JAN-2024CE21700,69.15,140.0,54.6,OPTIDXNIFTY04-JAN-2024PE21700,104.2,177.25,65.0,173.35000000000002,205.0,231.85
1704253500,2024-01-03,21677.0,21500.349609375,21517.349609375,2024-01-04,2024-01-04,21731.400390625,2023-12-29,21700,op030124.csv,op030124_cleaned.csv,True,OPTIDXNIFTY04-JAN-2024CE21700,7.95,61.0,6.0,OPTIDXNIFTY04-JAN-2024PE21700,199.5,224.8,105.3,207.45,166.3,230.8
1704339900,2024-01-04,21685.650390625,21564.55078125,21658.599609375,2024-01-04,2024-01-04,21731.400390625,2023-12-29,21700,op040124.csv,op040124_cleaned.csv,True,OPTIDXNIFTY04-JAN-2024CE21700,0.2,14.0,0.05,OPTIDXNIFTY04-JAN-2024PE21700,48.4,170.0,41.0,48.6,55.0,170.05
1704426300,2024-01-05,21749.599609375,21629.19921875,21710.80078125,2024-01-11,2024-01-11,21710.80078125,2024-01-05,21700,op050124.csv,op050124_cleaned.csv,True,OPTIDXNIFTY11-JAN-2024CE21700,129.4,152.2,82.2,OPTIDXNIFTY11-JAN-2024PE21700,93.1,160.0,82.0,222.5,234.2,242.2
1704685500,2024-01-08,21763.94921875,21492.900390625,21513.0,2024-01-11,2024-01-11,21710.80078125,2024-01-05,21700,op080124.csv,op080124_cleaned.csv,True,OPTIDXNIFTY11-JAN-2024CE21700,40.05,135.0,35.45,OPTIDXNIFTY11-JAN-2024PE21700,210.85,228.0,78.55,250.89999999999998,213.55,263.45
1704771900,2024-01-09,21724.44921875,21517.849609375,21544.849609375,2024-01-11,2024-01-11,21710.80078125,2024-01-05,21700,op090124.csv,op090124_cleaned.csv,True,OPTIDXNIFTY11-JAN-2024CE21700,30.25,111.0,23.3,OPTIDXNIFTY11-JAN-2024PE21700,175.65,193.25,65.75,205.9,176.75,216.55
1704858300,2024-01-10,21641.849609375,21448.650390625,21618.69921875,2024-01-11,2024-01-11,21710.80078125,2024-01-05,21700,op100124.csv,op100124_cleaned.csv,True,OPTIDXNIFTY11-JAN-2024CE21700,36.25,51.65,7.0,OPTIDXNIFTY11-JAN-2024PE21700,79.7,280.0,62.1,115.95,113.75,287.0
1704944700,2024-01-11,21726.5,21593.75,21647.19921875,2024-01-11,2024-01-11,21710.80078125,2024-01-05,21700,op110124.csv,op110124_cleaned.csv,True,OPTIDXNIFTY11-JAN-2024CE21700,0.25,55.0,0.05,OPTIDXNIFTY11-JAN-2024PE21700,55.95,115.75,30.55,56.2,85.55,115.8
1705031100,2024-01-12,21928.25,21715.150390625,21894.55078125,2024-01-18,2024-01-18,21894.55078125,2024-01-12,21900,op120124.csv,op120124_cleaned.csv,True,OPTIDXNIFTY18-JAN-2024CE21900,144.15,185.0,55.8,OPTIDXNIFTY18-JAN-2024PE21900,122.25,252.8,101.0,266.4,286.0,308.6
1705290300,2024-01-15,22115.55078125,21963.55078125,22097.44921875,2024-01-18,2024-01-18,21894.55078125,2024-01-12,21900,op150124.csv,op150124_cleaned.csv,True,OPTIDXNIFTY18-JAN-2024CE21900,257.85,272.6,173.3,OPTIDXNIFTY18-JAN-2024PE21900,45.2,92.4,40.05,303.05,312.65000000000003,265.70000000000005
1705376700,2024-01-16,22124.150390625,21969.80078125,22032.30078125,2024-01-18,2024-01-18,21894.55078125,2024-01-12,21900,op160124.csv,op160124_cleaned.csv,True,OPTIDXNIFTY18-JAN-2024CE21900,172.0,266.0,137.15,OPTIDXNIFTY18-JAN-2024PE21900,43.0,74.8,30.0,215.0,296.0,211.95
1705463100,2024-01-17,21851.5,21550.44921875,21571.94921875,2024-01-18,2024-01-18,21894.55078125,2024-01-12,21900,op170124.csv,op170124_cleaned.csv,True,OPTIDXNIFTY18-JAN-2024CE21900,7.1,93.85,5.25,OPTIDXNIFTY18-JAN-2024PE21900,335.85,360.15,111.5,342.95000000000005,205.35,365.4
1705549500,2024-01-18,21539.400390625,21285.55078125,21462.25,2024-01-18,2024-01-18,21894.55078125,2024-01-12,21900,op180124.csv,op180124_cleaned.csv,True,OPTIDXNIFTY18-JAN-2024CE21900,0.1,3.65,0.05,OPTIDXNIFTY18-JAN-2024PE21900,442.6,609.95,373.45,442.70000000000005,377.09999999999997,610.0
1705635900,2024-01-19,21670.599609375,21575.0,21622.400390625,2024-01-25,2024-01-25,21622.400390625,2024-01-19,21600,op190124.csv,op190124_cleaned.csv,True,OPTIDXNIFTY25-JAN-2024CE21600,185.25,213.25,146.9,OPTIDXNIFTY25-JAN-2024PE21600,112.4,179.7,97.6,297.65,310.85,326.6
1705981500,2024-01-23,21750.25,21192.599609375,21238.80078125,2024-01-25,2024-01-25,21622.400390625,2024-01-19,21600,op230124.csv,op230124_cleaned.csv,True,OPTIDXNIFTY25-JAN-2024CE21600,18.05,224.0,14.3,OPTIDXNIFTY25-JAN-2024PE21600,422.1,463.45,37.3,440.15000000000003,261.3,477.75
1706067900,2024-01-24,21482.349609375,21137.19921875,21453.94921875,2024-01-25,2024-01-25,21622.400390625,2024-01-19,21600,op240124.csv,op240124_cleaned.csv,True,OPTIDXNIFTY25-JAN-2024CE21600,29.3,53.2,7.8,OPTIDXNIFTY25-JAN-2024PE21600,153.8,466.45,128.85,183.10000000000002,182.05,474.25
1706154300,2024-01-25,21459.0,21247.05078125,21352.599609375,2024-01-25,2024-01-25,21622.400390625,2024-01-19,21600,op250124.csv,op250124_cleaned.csv,True,OPTIDXNIFTY25-JAN-2024CE21600,0.2,29.2,0.05,OPTIDXNIFTY25-JAN-2024PE21600,271.4,360.0,142.0,271.59999999999997,171.2,360.05
1706499900,2024-01-29,21763.25,21429.599609375,21737.599609375,2024-02-01,2024-02-01,21737.599609375,2024-01-29,21700,op290124.csv,op290124_cleaned.csv,True,OPTIDXNIFTY01-FEB-2024CE21700,212.55,234.2,60.45,OPTIDXNIFTY01-FEB-2024PE21700,144.2,276.4,118.65,356.75,352.85,336.84999999999997
1706586300,2024-01-30,21813.05078125,21501.80078125,21522.099609375,2024-02-01,2024-02-01,21737.599609375,2024-01-29,21700,op300124.csv,op300124_cleaned.csv,True,OPTIDXNIFTY01-FEB-2024CE21700,83.05,263.35,75.5,OPTIDXNIFTY01-FEB-2024PE21700,238.2,260.0,97.35,321.25,360.70000000000005,335.5
1706672700,2024-01-31,21741.349609375,21448.849609375,21725.69921875,2024-02-01,2024-02-01,21737.599609375,2024-01-29,21700,op310124.csv,op310124_cleaned.csv,True,OPTIDXNIFTY01-FEB-2024CE21700,144.1,166.0,50.1,OPTIDXNIFTY01-FEB-2024PE21700,112.1,277.65,94.85,256.2,260.85,327.75
1706759100,2024-02-01,21832.94921875,21658.75,21697.44921875,2024-02-01,2024-02-01,21737.599609375,2024-01-29,21700,op010224.csv,op010224_cleaned.csv,True,OPTIDXNIFTY01-FEB-2024CE21700,4.35,177.0,0.05,OPTIDXNIFTY01-FEB-2024PE21700,4.2,133.9,1.55,8.55,178.55,133.95000000000002
1706845500,2024-02-02,22126.80078125,21805.55078125,21853.80078125,2024-02-08,2024-02-08,21853.80078125,2024-02-02,21900,op020224.csv,op020224_cleaned.csv,True,OPTIDXNIFTY08-FEB-2024CE21900,146.75,335.7,114.7,OPTIDXNIFTY08-FEB-2024PE21900,162.55,200.0,77.5,309.3,413.2,314.7
1707104700,2024-02-05,21964.30078125,21726.94921875,21771.69921875,2024-02-08,2024-02-08,21853.80078125,2024-02-02,21900,op050224.csv,op050224_cleaned.csv,True,OPTIDXNIFTY08-FEB-2024CE21900,79.1,199.65,66.75,OPTIDXNIFTY08-FEB-2024PE21900,238.6,279.4,113.6,317.7,313.25,346.15
1707191100,2024-02-06,21951.400390625,21737.55078125,21929.400390625,2024-02-08,2024-02-08,21853.80078125,2024-02-02,21900,op060224.csv,op060224_cleaned.csv,True,OPTIDXNIFTY08-FEB-2024CE21900,132.6,157.7,70.0,OPTIDXNIFTY08-FEB-2024PE21900,107.3,249.9,91.75,239.89999999999998,249.45,319.9
1707277500,2024-02-07,22053.30078125,21860.150390625,21930.5,2024-02-08,2024-02-08,21853.80078125,2024-02-02,21900,op070224.csv,op070224_cleaned.csv,True,OPTIDXNIFTY08-FEB-2024CE21900,101.1,208.25,66.65,OPTIDXNIFTY08-FEB-2024PE21900,55.05,134.9,38.35,156.14999999999998,246.6,201.55
1707363900,2024-02-08,22011.05078125,21665.30078125,21717.94921875,2024-02-08,2024-02-08,21853.80078125,2024-02-02,21900,op080224.csv,op080224_cleaned.csv,True,OPTIDXNIFTY08-FEB-2024CE21900,0.2,142.7,0.05,OPTIDXNIFTY08-FEB-2024PE21900,200.75,245.7,17.3,200.95,160.0,245.75
1707450300,2024-02-09,21804.44921875,21629.900390625,21782.5,2024-02-15,2024-02-15,21782.5,2024-02-09,21800,op090224.csv,op090224_cleaned.csv,True,OPTIDXNIFTY15-FEB-2024CE21800,150.1,178.35,108.9,OPTIDXNIFTY15-FEB-2024PE21800,157.5,277.1,145.35,307.6,323.7,386.0
1707709500,2024-02-12,21831.69921875,21574.75,21616.05078125,2024-02-15,2024-02-15,21782.5,2024-02-09,21800,op120224.csv,op120224_cleaned.csv,True,OPTIDXNIFTY15-FEB-2024CE21800,70.2,173.9,61.95,OPTIDXNIFTY15-FEB-2024PE21800,241.9,281.55,125.05,312.1,298.95,343.5
1707795900,2024-02-13,21766.80078125,21543.349609375,21743.25,2024-02-15,2024-02-15,21782.5,2024-02-09,21800,op130224.csv,op130224_cleaned.csv,True,OPTIDXNIFTY15-FEB-2024CE21800,87.25,102.95,46.45,OPTIDXNIFTY15-FEB-2024PE21800,132.3,297.0,119.55,219.55,222.5,343.45
1707882300,2024-02-14,21870.849609375,21530.19921875,21840.05078125,2024-02-15,2024-02-15,21782.5,2024-02-09,21800,op140224.csv,op140224_cleaned.csv,True,OPTIDXNIFTY15-FEB-2024CE21800,124.2,159.8,15.15,OPTIDXNIFTY15-FEB-2024PE21800,46.25,293.65,38.0,170.45,197.8,308.79999999999995
1707968700,2024-02-15,21953.849609375,21794.80078125,21910.75,2024-02-15,2024-02-15,21782.5,2024-02-09,21800,op150224.csv,op150224_cleaned.csv,True,OPTIDXNIFTY15-FEB-2024CE21800,106.6,168.8,55.05,OPTIDXNIFTY15-FEB-2024PE21800,0.3,63.0,0.05,106.89999999999999,168.85000000000002,118.05
1708055100,2024-02-16,22068.650390625,21968.94921875,22040.69921875,2024-02-22,2024-02-22,22040.69921875,2024-02-16,22000,op160224.csv,op160224_cleaned.csv,True,OPTIDXNIFTY22-FEB-2024CE22000,183.1,215.0,162.05,OPTIDXNIFTY22-FEB-2024PE22000,128.1,158.0,110.2,311.2,325.2,320.05
1708314300,2024-02-19,22186.650390625,22021.05078125,22122.25,2024-02-22,2024-02-22,22040.69921875,2024-02-16,22000,op190224.csv,op190224_cleaned.csv,True,OPTIDXNIFTY22-FEB-2024CE22000,207.6,279.0,143.9,OPTIDXNIFTY22-FEB-2024PE22000,84.95,148.95,62.25,292.55,341.25,292.85
1708400700,2024-02-20,22215.599609375,22045.849609375,22196.94921875,2024-02-22,2024-02-22,22040.69921875,2024-02-16,22000,op200224.csv,op200224_cleaned.csv,True,OPTIDXNIFTY22-FEB-2024CE22000,234.95,251.9,140.45,OPTIDXNIFTY22-FEB-2024PE22000,47.1,117.2,43.0,282.05,294.9,257.65
1708487100,2024-02-21,22249.400390625,21997.94921875,22055.05078125,2024-02-22,2024-02-22,22040.69921875,2024-02-16,22000,op210224.csv,op210224_cleaned.csv,True,OPTIDXNIFTY22-FEB-2024CE22000,86.9,266.0,62.35,OPTIDXNIFTY22-FEB-2024PE22000,68.5,98.8,15.2,155.4,281.2,161.15
1708573500,2024-02-22,22252.5,21875.25,22217.44921875,2024-02-22,2024-02-22,22040.69921875,2024-02-16,22000,op220224.csv,op220224_cleaned.csv,True,OPTIDXNIFTY22-FEB-2024CE22000,207.7,229.0,8.25,OPTIDXNIFTY22-FEB-2024PE22000,0.3,172.15,0.05,208.0,229.05,180.4
1708659900,2024-02-23,22297.5,22186.099609375,22212.69921875,2024-02-29,2024-02-29,22212.69921875,2024-02-23,22200,op230224.csv,op230224_cleaned.csv,True,OPTIDXNIFTY29-FEB-2024CE22200,164.9,229.0,149.1,OPTIDXNIFTY29-FEB-2024PE22200,133.15,147.7,101.9,298.05,330.9,296.79999999999995
1708919100,2024-02-26,22202.150390625,22075.150390625,22122.05078125,2024-02-29,2024-02-29,22212.69921875,2024-02-23,22200,op260224.csv,op260224_cleaned.csv,True,OPTIDXNIFTY29-FEB-2024CE22200,104.8,158.0,92.8,OPTIDXNIFTY29-FEB-2024PE22200,162.0,206.7,127.8,266.8,285.8,299.5
1709005500,2024-02-27,22218.25,22085.650390625,22198.349609375,2024-02-29,2024-02-29,22212.69921875,2024-02-23,22200,op270224.csv,op270224_cleaned.csv,True,OPTIDXNIFTY29-FEB-2024CE22200,108.35,129.0,77.0,OPTIDXNIFTY29-FEB-2024PE22200,107.1,186.05,93.9,215.45,222.9,263.05
1709091900,2024-02-28,22229.150390625,21915.849609375,21951.150390625,2024-02-29,2024-02-29,22212.69921875,2024-02-23,22200,op280224.csv,op280224_cleaned.csv,True,OPTIDXNIFTY29-FEB-2024CE22200,16.1,108.25,12.8,OPTIDXNIFTY29-FEB-2024PE22200,291.75,326.6,79.2,307.85,187.45,339.40000000000003
1709178300,2024-02-29,22060.55078125,21860.650390625,21982.80078125,2024-02-29,2024-02-29,22212.69921875,2024-02-23,22200,op290224.csv,op290224_cleaned.csv,True,OPTIDXNIFTY29-FEB-2024CE22200,0.25,19.0,0.05,OPTIDXNIFTY29-FEB-2024PE22200,240.35,365.6,175.5,240.6,194.5,365.65000000000003
1709264700,2024-03-01,22353.30078125,22047.75,22338.75,2024-03-07,2024-03-07,22338.75,2024-03-01,22300,op010324.csv,op010324_cleaned.csv,True,OPTIDXNIFTY07-MAR-2024CE22300,191.35,203.5,75.1,OPTIDXNIFTY07-MAR-2024PE22300,132.4,281.35,124.65,323.75,328.15,356.45000000000005
1709523900,2024-03-04,22440.900390625,22358.30078125,22405.599609375,2024-03-07,2024-03-07,22338.75,2024-03-01,22300,op040324.csv,op040324_cleaned.csv,True,OPTIDXNIFTY07-MAR-2024CE22300,181.95,226.0,166.25,OPTIDXNIFTY07-MAR-2024PE22300,86.1,110.0,74.35,268.04999999999995,300.35,276.25
1709610300,2024-03-05,22416.900390625,22269.150390625,22356.30078125,2024-03-07,2024-03-07,22338.75,2024-03-01,22300,op050324.csv,op050324_cleaned.csv,True,OPTIDXNIFTY07-MAR-2024CE22300,125.1,179.15,81.4,OPTIDXNIFTY07-MAR-2024PE22300,72.55,136.15,57.85,197.64999999999998,237.0,217.55
1709696700,2024-03-06,22497.19921875,22224.349609375,22474.05078125,2024-03-07,2024-03-07,22338.75,2024-03-01,22300,op060324.csv,op060324_cleaned.csv,True,OPTIDXNIFTY07-MAR-2024CE22300,224.0,243.8,53.75,OPTIDXNIFTY07-MAR-2024PE22300,16.75,129.9,14.65,240.75,258.45,183.65
1709783100,2024-03-07,22525.650390625,22430.0,22493.55078125,2024-03-07,2024-03-07,22338.75,2024-03-01,22300,op070324.csv,op070324_cleaned.csv,True,OPTIDXNIFTY07-MAR-2024CE22300,196.6,243.6,147.5,OPTIDXNIFTY07-MAR-2024PE22300,0.15,13.9,0.05,196.75,243.65,161.4
1710128700,2024-03-11,22526.599609375,22307.25,22332.650390625,2024-03-14,2024-03-14,22332.650390625,2024-03-11,22300,op110324.csv,op110324_cleaned.csv,True,OPTIDXNIFTY14-MAR-2024CE22300,149.55,278.95,134.3,OPTIDXNIFTY14-MAR-2024PE22300,92.05,106.4,45.15,241.60000000000002,324.09999999999997,240.70000000000002
1710215100,2024-03-12,22452.55078125,22256.0,22335.69921875,2024-03-14,2024-03-14,22332.650390625,2024-03-11,22300,op120324.csv,op120324_cleaned.csv,True,OPTIDXNIFTY14-MAR-2024CE22300,149.6,220.55,121.45,OPTIDXNIFTY14-MAR-2024PE22300,66.45,103.45,40.15,216.05,260.7,224.9
1710301500,2024-03-13,22446.75,21905.650390625,21997.69921875,2024-03-14,2024-03-14,22332.650390625,2024-03-11,22300,op130324.csv,op130324_cleaned.csv,True,OPTIDXNIFTY14-MAR-2024CE22300,11.45,188.65,7.75,OPTIDXNIFTY14-MAR-2024PE22300,338.4,407.7,38.0,349.84999999999997,226.65,415.45
1710387900,2024-03-14,22204.599609375,21917.5,22146.650390625,2024-03-14,2024-03-14,22332.650390625,2024-03-11,22300,op140324.csv,op140324_cleaned.csv,True,OPTIDXNIFTY14-MAR-2024CE22300,0.15,15.4,0.05,OPTIDXNIFTY14-MAR-2024PE22300,154.05,389.7,87.3,154.20000000000002,102.7,389.75
1710474300,2024-03-15,22120.900390625,21931.69921875,22023.349609375,2024-03-21,2024-03-21,22023.349609375,2024-03-15,22000,op150324.csv,op150324_cleaned.csv,True,OPTIDXNIFTY21-MAR-2024CE22000,180.5,274.65,133.35,OPTIDXNIFTY21-MAR-2024PE22000,111.15,184.65,84.4,291.65,359.04999999999995,318.0
1710733500,2024-03-18,22123.69921875,21916.55078125,22055.69921875,2024-03-21,2024-03-21,22023.349609375,2024-03-15,22000,op180324.csv,op180324_cleaned.csv,True,OPTIDXNIFTY21-MAR-2024CE22000,160.85,221.0,112.75,OPTIDXNIFTY21-MAR-2024PE22000,92.1,174.7,63.25,252.95,284.25,287.45
1710819900,2024-03-19,21978.30078125,21793.099609375,21817.44921875,2024-03-21,2024-03-21,22023.349609375,2024-03-15,22000,op190324.csv,op190324_cleaned.csv,True,OPTIDXNIFTY21-MAR-2024CE22000,40.5,133.8,37.0,OPTIDXNIFTY21-MAR-2024PE22000,214.65,236.5,110.55,255.15,244.35000000000002,273.5
1710906300,2024-03-20,21930.900390625,21710.19921875,21839.099609375,2024-03-21,2024-03-21,22023.349609375,2024-03-15,22000,op200324.csv,op200324_cleaned.csv,True,OPTIDXNIFTY21-MAR-2024CE22000,21.7,54.5,16.55,OPTIDXNIFTY21-MAR-2024PE22000,172.45,294.0,112.6,194.14999999999998,167.1,310.55
1710992700,2024-03-21,22080.94921875,21941.30078125,22011.94921875,2024-03-21,2024-03-21,22023.349609375,2024-03-15,22000,op210324.csv,op210324_cleaned.csv,True,OPTIDXNIFTY21-MAR-2024CE22000,7.5,88.2,2.35,OPTIDXNIFTY21-MAR-2024PE22000,2.65,82.85,0.05,10.15,88.25,85.19999999999999
1711079100,2024-03-22,22180.69921875,21883.30078125,22096.75,2024-03-28,2024-03-28,22096.75,2024-03-22,22100,op220324.csv,op220324_cleaned.csv,True,OPTIDXNIFTY28-MAR-2024CE22100,156.0,225.75,76.95,OPTIDXNIFTY28-MAR-2024PE22100,90.1,223.0,63.25,246.1,289.0,299.95
1711424700,2024-03-26,22073.19921875,21947.55078125,22004.69921875,2024-03-28,2024-03-28,22096.75,2024-03-22,22100,op260324.csv,op260324_cleaned.csv,True,OPTIDXNIFTY28-MAR-2024CE22100,88.45,129.9,70.0,OPTIDXNIFTY28-MAR-2024PE22100,98.5,135.0,76.45,186.95,206.35000000000002,205.0
1711511100,2024-03-27,22193.599609375,22052.849609375,22123.650390625,2024-03-28,2024-03-28,22096.75,2024-03-22,22100,op270324.csv,op270324_cleaned.csv,True,OPTIDXNIFTY28-MAR-2024CE22100,98.4,153.9,74.3,OPTIDXNIFTY28-MAR-2024PE22100,34.8,95.95,22.0,133.2,175.9,170.25
1711597500,2024-03-28,22516.0,22163.599609375,22326.900390625,2024-03-28,2024-03-28,22096.75,2024-03-22,22100,op280324.csv,op280324_cleaned.csv,True,OPTIDXNIFTY28-MAR-2024CE22100,221.3,434.7,102.8,OPTIDXNIFTY28-MAR-2024PE22100,1.35,25.7,0.05,222.65,434.75,128.5
1711943100,2024-04-01,22529.94921875,22427.75,22462.0,2024-04-04,2024-04-04,22462.0,2024-04-01,22500,op010424.csv,op010424_cleaned.csv,True,OPTIDXNIFTY04-APR-2024CE22500,99.45,154.8,87.05,OPTIDXNIFTY04-APR-2024PE22500,115.45,162.3,100.4,214.9,255.20000000000002,249.35000000000002
1712029500,2024-04-02,22497.599609375,22388.150390625,22453.30078125,2024-04-04,2024-04-04,22462.0,2024-04-01,22500,op020424.csv,op020424_cleaned.csv,True,OPTIDXNIFTY04-APR-2024CE22500,65.15,106.0,48.75,OPTIDXNIFTY04-APR-2024PE22500,108.95,164.2,103.5,174.10000000000002,209.5,212.95
1712115900,2024-04-03,22521.099609375,22346.5,22434.650390625,2024-04-04,2024-04-04,22462.0,2024-04-01,22500,op030424.csv,op030424_cleaned.csv,True,OPTIDXNIFTY04-APR-2024CE22500,33.3,86.7,19.9,OPTIDXNIFTY04-APR-2024PE22500,102.6,199.35,55.3,135.89999999999998,142.0,219.25
1712202300,2024-04-04,22619.0,22303.80078125,22514.650390625,2024-04-04,2024-04-04,22462.0,2024-04-01,22500,op040424.csv,op040424_cleaned.csv,True,OPTIDXNIFTY04-APR-2024CE22500,11.4,104.8,5.15,OPTIDXNIFTY04-APR-2024PE22500,7.1,238.35,0.05,18.5,104.85,243.5
1712288700,2024-04-05,22537.599609375,22427.599609375,22513.69921875,2024-04-11,2024-04-10,22513.69921875,2024-04-05,22500,op050424.csv,op050424_cleaned.csv,True,OPTIDXNIFTY10-APR-2024CE22500,133.5,149.0,99.15,OPTIDXNIFTY10-APR-2024PE22500,101.95,162.2,89.05,235.45,238.05,261.35
1712547900,2024-04-08,22697.30078125,22550.349609375,22666.30078125,2024-04-11,2024-04-10,22513.69921875,2024-04-05,22500,op080424.csv,op080424_cleaned.csv,True,OPTIDXNIFTY10-APR-2024CE22500,214.3,242.9,137.5,OPTIDXNIFTY10-APR-2024PE22500,36.2,83.9,29.3,250.5,272.2,221.4
1712634300,2024-04-09,22768.400390625,22612.25,22642.75,2024-04-11,2024-04-10,22513.69921875,2024-04-05,22500,op090424.csv,op090424_cleaned.csv,True,OPTIDXNIFTY10-APR-2024CE22500,180.45,297.9,156.3,OPTIDXNIFTY10-APR-2024PE22500,19.0,29.8,11.9,199.45,309.79999999999995,186.10000000000002
1712720700,2024-04-10,22775.69921875,22673.69921875,22753.80078125,2024-04-11,2024-04-10,22513.69921875,2024-04-05,22500,op100424.csv,op100424_cleaned.csv,True,OPTIDXNIFTY10-APR-2024CE22500,251.7,264.8,181.05,OPTIDXNIFTY10-APR-2024PE22500,0.15,12.9,0.05,251.85,264.85,193.95000000000002
1712893500,2024-04-12,22726.44921875,22503.75,22519.400390625,2024-04-18,2024-04-18,22519.400390625,2024-04-12,22500,op120424.csv,op120424_cleaned.csv,True,OPTIDXNIFTY18-APR-2024CE22500,157.75,276.6,146.6,OPTIDXNIFTY18-APR-2024PE22500,89.5,98.5,42.1,247.25,318.70000000000005,245.1
1713152700,2024-04-15,22427.44921875,22259.55078125,22272.5,2024-04-18,2024-04-18,22519.400390625,2024-04-12,22500,op150424.csv,op150424_cleaned.csv,True,OPTIDXNIFTY18-APR-2024CE22500,34.75,103.7,31.4,OPTIDXNIFTY18-APR-2024PE22500,217.3,229.7,122.5,252.05,226.2,261.09999999999997
1713239100,2024-04-16,22213.75,22079.44921875,22147.900390625,2024-04-18,2024-04-18,22519.400390625,2024-04-12,22500,op160424.csv,op160424_cleaned.csv,True,OPTIDXNIFTY18-APR-2024CE22500,3.75,15.9,2.9,OPTIDXNIFTY18-APR-2024PE22500,347.4,430.1,225.0,351.15,240.9,433.0
1713411900,2024-04-18,22326.5,21961.69921875,21995.849609375,2024-04-18,2024-04-18,22519.400390625,2024-04-12,22500,op180424.csv,op180424_cleaned.csv,True,OPTIDXNIFTY18-APR-2024CE22500,0.15,3.85,0.05,OPTIDXNIFTY18-APR-2024PE22500,510.65,570.1,185.45,510.79999999999995,189.29999999999998,570.15
1713498300,2024-04-19,22179.55078125,21777.650390625,22147.0,2024-04-25,2024-04-25,22147.0,2024-04-19,22100,op190424.csv,op190424_cleaned.csv,True,OPTIDXNIFTY25-APR-2024CE22100,176.45,200.65,55.95,OPTIDXNIFTY25-APR-2024PE22100,146.75,348.5,127.5,323.2,328.15,404.45
1713757500,2024-04-22,22375.650390625,22198.150390625,22336.400390625,2024-04-25,2024-04-25,22147.0,2024-04-19,22100,op220424.csv,op220424_cleaned.csv,True,OPTIDXNIFTY25-APR-2024CE22100,293.7,332.85,186.95,OPTIDXNIFTY25-APR-2024PE22100,39.6,99.9,30.0,333.3,362.85,286.85
1713843900,2024-04-23,22447.55078125,22349.44921875,22368.0,2024-04-25,2024-04-25,22147.0,2024-04-19,22100,op230424.csv,op230424_cleaned.csv,True,OPTIDXNIFTY25-APR-2024CE22100,290.55,338.85,270.55,OPTIDXNIFTY25-APR-2024PE22100,18.6,31.9,13.6,309.15000000000003,352.45000000000005,302.45
1713930300,2024-04-24,22476.44921875,22384.0,22402.400390625,2024-04-25,2024-04-25,22147.0,2024-04-19,22100,op240424.csv,op240424_cleaned.csv,True,OPTIDXNIFTY25-APR-2024CE22100,317.2,397.9,286.15,OPTIDXNIFTY25-APR-2024PE22100,4.85,12.5,3.6,322.05,401.5,298.65
1714016700,2024-04-25,22625.94921875,22305.25,22570.349609375,2024-04-25,2024-04-25,22147.0,2024-04-19,22100,op250424.csv,op250424_cleaned.csv,True,OPTIDXNIFTY25-APR-2024CE22100,482.15,547.0,237.1,OPTIDXNIFTY25-APR-2024PE22100,0.25,22.0,0.05,482.4,547.05,259.1
1714103100,2024-04-26,22620.400390625,22385.55078125,22419.94921875,2024-05-02,2024-05-02,22419.94921875,2024-04-26,22400,op260424.csv,op260424_cleaned.csv,True,OPTIDXNIFTY02-MAY-2024CE22400,185.3,285.0,168.35,OPTIDXNIFTY02-MAY-2024PE22400,91.45,105.75,56.55,276.75,341.55,274.1
1714362300,2024-04-29,22655.80078125,22441.900390625,22643.400390625,2024-05-02,2024-05-02,22419.94921875,2024-04-26,22400,op290424.csv,op290424_cleaned.csv,True,OPTIDXNIFTY02-MAY-2024CE22400,301.05,313.35,176.0,OPTIDXNIFTY02-MAY-2024PE22400,30.4,80.55,27.45,331.45,340.8,256.55
1714448700,2024-04-30,22783.349609375,22568.400390625,22604.849609375,2024-05-02,2024-05-02,22419.94921875,2024-04-26,22400,op300424.csv,op300424_cleaned.csv,True,OPTIDXNIFTY02-MAY-2024CE22400,273.85,402.55,256.5,OPTIDXNIFTY02-MAY-2024PE22400,18.15,28.0,9.4,292.0,411.95,284.5
1714621500,2024-05-02,22710.5,22567.849609375,22648.19921875,2024-05-02,2024-05-02,22419.94921875,2024-04-26,22400,op020524.csv,op020524_cleaned.csv,True,OPTIDXNIFTY02-MAY-2024CE22400,255.65,345.8,210.0,OPTIDXNIFTY02-MAY-2024PE22400,0.15,19.0,0.05,255.8,345.85,229.0
1714707900,2024-05-03,22794.69921875,22348.05078125,22475.849609375,2024-05-09,2024-05-09,22475.849609375,2024-05-03,22500,op030524.csv,op030524_cleaned.csv,True,OPTIDXNIFTY09-MAY-2024CE22500,150.95,360.4,113.35,OPTIDXNIFTY09-MAY-2024PE22500,132.8,219.0,29.8,283.75,390.2,332.35
1714967100,2024-05-06,22588.80078125,22409.44921875,22442.69921875,2024-05-09,2024-05-09,22475.849609375,2024-05-03,22500,op060524.csv,op060524_cleaned.csv,True,OPTIDXNIFTY09-MAY-2024CE22500,110.5,202.85,94.2,OPTIDXNIFTY09-MAY-2024PE22500,141.8,172.5,79.0,252.3,281.85,266.7
1715053500,2024-05-07,22499.05078125,22232.05078125,22302.5,2024-05-09,2024-05-09,22475.849609375,2024-05-03,22500,op070524.csv,op070524_cleaned.csv,True,OPTIDXNIFTY09-MAY-2024CE22500,40.7,121.55,29.9,OPTIDXNIFTY09-MAY-2024PE22500,232.65,303.6,112.5,273.35,234.05,333.5
1715139900,2024-05-08,22368.650390625,22185.19921875,22302.5,2024-05-09,2024-05-09,22475.849609375,2024-05-03,22500,op080524.csv,op080524_cleaned.csv,True,OPTIDXNIFTY09-MAY-2024CE22500,14.95,50.0,12.25,OPTIDXNIFTY09-MAY-2024PE22500,207.35,333.1,136.15,222.29999999999998,186.15,345.35
1715226300,2024-05-09,22307.75,21932.400390625,21957.5,2024-05-09,2024-05-09,22475.849609375,2024-05-03,22500,op090524.csv,op090524_cleaned.csv,True,OPTIDXNIFTY09-MAY-2024CE22500,0.1,13.45,0.05,OPTIDXNIFTY09-MAY-2024PE22500,536.5,552.9,203.3,536.6,216.75,552.9499999999999
1715312700,2024-05-10,22131.30078125,21950.30078125,22055.19921875,2024-05-16,2024-05-16,22055.19921875,2024-05-10,22100,op100524.csv,op100524_cleaned.csv,True,OPTIDXNIFTY16-MAY-2024CE22100,134.1,199.4,108.05,OPTIDXNIFTY16-MAY-2024PE22100,161.55,219.95,125.75,295.65,325.15,328.0
1715571900,2024-05-13,22131.650390625,21821.05078125,22104.05078125,2024-05-16,2024-05-16,22055.19921875,2024-05-10,22100,op130524.csv,op130524_cleaned.csv,True,OPTIDXNIFTY16-MAY-2024CE22100,128.2,151.0,42.7,OPTIDXNIFTY16-MAY-2024PE22100,113.75,324.85,94.45,241.95,245.45,367.55
1715658300,2024-05-14,22270.05078125,22081.25,22217.849609375,2024-05-16,2024-05-16,22055.19921875,2024-05-10,22100,op140524.csv,op140524_cleaned.csv,True,OPTIDXNIFTY16-MAY-2024CE22100,177.15,222.0,103.0,OPTIDXNIFTY16-MAY-2024PE22100,48.95,135.0,40.0,226.10000000000002,262.0,238.0
1715744700,2024-05-15,22297.55078125,22151.75,22200.55078125,2024-05-16,2024-05-16,22055.19921875,2024-05-10,22100,op150524.csv,op150524_cleaned.csv,True,OPTIDXNIFTY16-MAY-2024CE22100,138.05,225.0,103.0,OPTIDXNIFTY16-MAY-2024PE22100,30.55,81.3,22.75,168.60000000000002,247.75,184.3
1715831100,2024-05-16,22432.25,22054.55078125,22403.849609375,2024-05-16,2024-05-16,22055.19921875,2024-05-10,22100,op160524.csv,op160524_cleaned.csv,True,OPTIDXNIFTY16-MAY-2024CE22100,298.1,319.75,16.25,OPTIDXNIFTY16-MAY-2024PE22100,0.55,98.0,0.05,298.65000000000003,319.8,114.25
1715917500,2024-05-17,22502.150390625,22345.650390625,22466.099609375,2024-05-23,2024-05-23,22466.099609375,2024-05-17,22500,op170524.csv,op170524_cleaned.csv,True,OPTIDXNIFTY23-MAY-2024CE22500,113.15,137.45,83.25,OPTIDXNIFTY23-MAY-2024PE22500,151.55,230.0,130.9,264.70000000000005,268.35,313.25
1716263100,2024-05-21,22591.099609375,22404.55078125,22529.05078125,2024-05-23,2024-05-23,22466.099609375,2024-05-17,22500,op210524.csv,op210524_cleaned.csv,True,OPTIDXNIFTY23-MAY-2024CE22500,121.7,172.95,85.15,OPTIDXNIFTY23-MAY-2024PE22500,85.7,142.0,62.0,207.4,234.95,227.15
1716349500,2024-05-22,22629.5,22483.150390625,22597.80078125,2024-05-23,2024-05-23,22466.099609375,2024-05-17,22500,op220524.csv,op220524_cleaned.csv,True,OPTIDXNIFTY23-MAY-2024CE22500,141.7,169.0,87.8,OPTIDXNIFTY23-MAY-2024PE22500,35.45,109.8,29.05,177.14999999999998,198.05,197.6
1716435900,2024-05-23,22993.599609375,22577.44921875,22967.650390625,2024-05-23,2024-05-23,22466.099609375,2024-05-17,22500,op230524.csv,op230524_cleaned.csv,True,OPTIDXNIFTY23-MAY-2024CE22500,459.65,477.95,123.8,OPTIDXNIFTY23-MAY-2024PE22500,0.3,39.0,0.05,459.95,478.0,162.8
1716522300,2024-05-24,23026.400390625,22908.0,22957.099609375,2024-05-30,2024-05-30,22957.099609375,2024-05-24,23000,op240524.csv,op240524_cleaned.csv,True,OPTIDXNIFTY30-MAY-2024CE23000,163.1,204.4,142.05,OPTIDXNIFTY30-MAY-2024PE23000,145.15,194.15,117.6,308.25,322.0,336.20000000000005
1716781500,2024-05-27,23110.80078125,22871.19921875,22932.44921875,2024-05-30,2024-05-30,22957.099609375,2024-05-24,23000,op270524.csv,op270524_cleaned.csv,True,OPTIDXNIFTY30-MAY-2024CE23000,125.2,249.9,93.75,OPTIDXNIFTY30-MAY-2024PE23000,142.95,176.8,68.35,268.15,318.25,270.55
1716867900,2024-05-28,22998.55078125,22858.5,22888.150390625,2024-05-30,2024-05-30,22957.099609375,2024-05-24,23000,op280524.csv,op280524_cleaned.csv,True,OPTIDXNIFTY30-MAY-2024CE23000,80.35,144.9,72.85,OPTIDXNIFTY30-MAY-2024PE23000,144.35,167.65,107.05,224.7,251.95,240.5
1716954300,2024-05-29,22825.5,22685.44921875,22704.69921875,2024-05-30,2024-05-30,22957.099609375,2024-05-24,23000,op290524.csv,op290524_cleaned.csv,True,OPTIDXNIFTY30-MAY-2024CE23000,12.15,54.15,9.4,OPTIDXNIFTY30-MAY-2024PE23000,270.8,304.0,174.95,282.95,229.1,313.4
1717040700,2024-05-30,22705.75,22417.0,22488.650390625,2024-05-30,2024-05-30,22957.099609375,2024-05-24,23000,op300524.csv,op300524_cleaned.csv,True,OPTIDXNIFTY30-MAY-2024CE23000,0.15,10.0,0.05,OPTIDXNIFTY30-MAY-2024PE23000,516.65,586.7,312.15,516.8,322.15,586.75
1717127100,2024-05-31,22653.75,22465.099609375,22530.69921875,2024-06-06,2024-06-06,22530.69921875,2024-05-31,22500,op310524.csv,op310524_cleaned.csv,True,OPTIDXNIFTY06-JUN-2024CE22500,486.85,512.0,406.15,OPTIDXNIFTY06-JUN-2024PE22500,382.0,420.0,312.65,868.85,824.65,826.15
1717386300,2024-06-03,23338.69921875,23062.30078125,23263.900390625,2024-06-06,2024-06-06,22530.69921875,2024-05-31,22500,op030624.csv,op030624_cleaned.csv,True,OPTIDXNIFTY06-JUN-2024CE22500,865.0,1050.0,647.15,OPTIDXNIFTY06-JUN-2024PE22500,88.6,116.55,45.7,953.6,1095.7,763.6999999999999
1717472700,2024-06-04,23179.5,21281.44921875,21884.5,2024-06-06,2024-06-06,22530.69921875,2024-05-31,22500,op040624.csv,op040624_cleaned.csv,True,OPTIDXNIFTY06-JUN-2024CE22500,99.65,700.0,72.0,OPTIDXNIFTY06-JUN-2024PE22500,785.45,1430.0,89.9,885.1,789.9,1502.0
1717559100,2024-06-05,22670.400390625,21791.94921875,22620.349609375,2024-06-06,2024-06-06,22530.69921875,2024-05-31,22500,op050624.csv,op050624_cleaned.csv,True,OPTIDXNIFTY06-JUN-2024CE22500,193.8,229.2,20.1,OPTIDXNIFTY06-JUN-2024PE22500,138.3,804.55,98.8,332.1,328.0,824.65
1717645500,2024-06-06,22910.150390625,22642.599609375,22821.400390625,2024-06-06,2024-06-06,22530.69921875,2024-05-31,22500,op060624.csv,op060624_cleaned.csv,True,OPTIDXNIFTY06-JUN-2024CE22500,307.95,400.5,156.0,OPTIDXNIFTY06-JUN-2024PE22500,0.2,96.8,0.05,308.15,400.55,252.8
1717731900,2024-06-07,23320.19921875,22789.05078125,23290.150390625,2024-06-13,2024-06-13,23290.150390625,2024-06-07,23300,op070624.csv,op070624_cleaned.csv,True,OPTIDXNIFTY13-JUN-2024CE23300,209.6,226.6,50.0,OPTIDXNIFTY13-JUN-2024PE23300,210.95,540.2,195.0,420.54999999999995,421.6,590.2
1717991100,2024-06-10,23411.900390625,23227.150390625,23259.19921875,2024-06-13,2024-06-13,23290.150390625,2024-06-07,23300,op100624.csv,op100624_cleaned.csv,True,OPTIDXNIFTY13-JUN-2024CE23300,135.3,259.55,120.75,OPTIDXNIFTY13-JUN-2024PE23300,209.75,244.0,140.5,345.05,400.05,364.75
1718077500,2024-06-11,23389.44921875,23206.650390625,23264.849609375,2024-06-13,2024-06-13,23290.150390625,2024-06-07,23300,op110624.csv,op110624_cleaned.csv,True,OPTIDXNIFTY13-JUN-2024CE23300,108.45,201.0,91.45,OPTIDXNIFTY13-JUN-2024PE23300,124.4,215.95,75.15,232.85000000000002,276.15,307.4
1718163900,2024-06-12,23441.94921875,23295.94921875,23322.94921875,2024-06-13,2024-06-13,23290.150390625,2024-06-07,23300,op120624.csv,op120624_cleaned.csv,True,OPTIDXNIFTY13-JUN-2024CE23300,97.35,202.6,88.3,OPTIDXNIFTY13-JUN-2024PE23300,73.75,120.1,39.8,171.1,242.39999999999998,208.39999999999998
1718250300,2024-06-13,23481.05078125,23353.900390625,23398.900390625,2024-06-13,2024-06-13,23290.150390625,2024-06-07,23300,op130624.csv,op130624_cleaned.csv,True,OPTIDXNIFTY13-JUN-2024CE23300,95.2,164.75,66.3,OPTIDXNIFTY13-JUN-2024PE23300,0.2,39.95,0.05,95.4,164.8,106.25
1718336700,2024-06-14,23490.400390625,23334.25,23465.599609375,2024-06-20,2024-06-20,23465.599609375,2024-06-14,23500,op140624.csv,op140624_cleaned.csv,True,OPTIDXNIFTY20-JUN-2024CE23500,99.6,115.0,65.35,OPTIDXNIFTY20-JUN-2024PE23500,131.7,229.0,122.05,231.29999999999998,237.05,294.35
1718682300,2024-06-18,23579.05078125,23499.69921875,23557.900390625,2024-06-20,2024-06-20,23465.599609375,2024-06-14,23500,op180624.csv,op180624_cleaned.csv,True,OPTIDXNIFTY20-JUN-2024CE23500,118.3,160.6,105.15,OPTIDXNIFTY20-JUN-2024PE23500,61.0,93.8,54.0,179.3,214.6,198.95
1718768700,2024-06-19,23664.0,23412.900390625,23516.0,2024-06-20,2024-06-20,23465.599609375,2024-06-14,23500,op190624.csv,op190624_cleaned.csv,True,OPTIDXNIFTY20-JUN-2024CE23500,77.55,217.0,55.9,OPTIDXNIFTY20-JUN-2024PE23500,72.6,146.3,28.75,150.14999999999998,245.75,202.20000000000002
1718855100,2024-06-20,23624.0,23442.599609375,23567.0,2024-06-20,2024-06-20,23465.599609375,2024-06-14,23500,op200624.csv,op200624_cleaned.csv,True,OPTIDXNIFTY20-JUN-2024CE23500,64.7,136.0,37.0,OPTIDXNIFTY20-JUN-2024PE23500,0.4,127.1,0.05,65.10000000000001,136.05,164.1
1718941500,2024-06-21,23667.099609375,23398.19921875,23501.099609375,2024-06-27,2024-06-27,23501.099609375,2024-06-21,23500,op210624.csv,op210624_cleaned.csv,True,OPTIDXNIFTY27-JUN-2024CE23500,126.4,230.0,102.15,OPTIDXNIFTY27-JUN-2024PE23500,133.75,185.45,81.1,260.15,311.1,287.6
1719200700,2024-06-24,23558.099609375,23350.0,23537.849609375,2024-06-27,2024-06-27,23501.099609375,2024-06-21,23500,op240624.csv,op240624_cleaned.csv,True,OPTIDXNIFTY27-JUN-2024CE23500,140.5,164.9,60.35,OPTIDXNIFTY27-JUN-2024PE23500,99.65,239.0,90.0,240.15,254.9,299.35
1719287100,2024-06-25,23754.150390625,23562.05078125,23721.30078125,2024-06-27,2024-06-27,23501.099609375,2024-06-21,23500,op250624.csv,op250624_cleaned.csv,True,OPTIDXNIFTY27-JUN-2024CE23500,265.65,279.4,135.0,OPTIDXNIFTY27-JUN-2024PE23500,36.4,86.55,32.55,302.04999999999995,311.95,221.55
1719373500,2024-06-26,23889.900390625,23670.44921875,23868.80078125,2024-06-27,2024-06-27,23501.099609375,2024-06-21,23500,op260624.csv,op260624_cleaned.csv,True,OPTIDXNIFTY27-JUN-2024CE23500,375.05,414.4,211.4,OPTIDXNIFTY27-JUN-2024PE23500,6.2,38.0,5.25,381.25,419.65,249.4
1719459900,2024-06-27,24087.44921875,23805.400390625,24044.5,2024-06-27,2024-06-27,23501.099609375,2024-06-21,23500,op270624.csv,op270624_cleaned.csv,True,OPTIDXNIFTY27-JUN-2024CE23500,539.95,560.0,297.85,OPTIDXNIFTY27-JUN-2024PE23500,0.15,7.4,0.05,540.1,560.05,305.25
1719546300,2024-06-28,24174.0,23985.80078125,24010.599609375,2024-07-04,2024-07-04,24010.599609375,2024-06-28,24000,op280624.csv,op280624_cleaned.csv,True,OPTIDXNIFTY04-JUL-2024CE24000,187.1,282.05,168.8,OPTIDXNIFTY04-JUL-2024PE24000,116.75,142.55,85.0,303.85,367.05,311.35
1719805500,2024-07-01,24164.0,23992.69921875,24141.94921875,2024-07-04,2024-07-04,24010.599609375,2024-06-28,24000,op010724.csv,op010724_cleaned.csv,True,OPTIDXNIFTY04-JUL-2024CE24000,217.6,238.9,150.7,OPTIDXNIFTY04-JUL-2024PE24000,69.6,135.3,61.75,287.2,300.65,286.0
1719891900,2024-07-02,24236.349609375,24056.400390625,24123.849609375,2024-07-04,2024-07-04,24010.599609375,2024-06-28,24000,op020724.csv,op020724_cleaned.csv,True,OPTIDXNIFTY04-JUL-2024CE24000,195.95,289.0,148.8,OPTIDXNIFTY04-JUL-2024PE24000,51.75,88.6,37.8,247.7,326.8,237.4
1719978300,2024-07-03,24309.150390625,24207.099609375,24286.5,2024-07-04,2024-07-04,24010.599609375,2024-06-28,24000,op030724.csv,op030724_cleaned.csv,True,OPTIDXNIFTY04-JUL-2024CE24000,292.55,340.9,220.0,OPTIDXNIFTY04-JUL-2024PE24000,9.45,34.2,8.6,302.0,349.5,254.2
1720064700,2024-07-04,24401.0,24281.0,24302.150390625,2024-07-04,2024-07-04,24010.599609375,2024-06-28,24000,op040724.csv,op040724_cleaned.csv,True,OPTIDXNIFTY04-JUL-2024CE24000,300.05,415.0,291.5,OPTIDXNIFTY04-JUL-2024PE24000,0.1,6.3,0.05,300.15000000000003,415.05,297.8
1720151100,2024-07-05,24363.0,24168.849609375,24323.849609375,2024-07-11,2024-07-11,24323.849609375,2024-07-05,24300,op050724.csv,op050724_cleaned.csv,True,OPTIDXNIFTY11-JUL-2024CE24300,141.8,167.0,82.75,OPTIDXNIFTY11-JUL-2024PE24300,101.4,194.0,83.15,243.20000000000002,250.15,276.75
1720410300,2024-07-08,24344.599609375,24240.55078125,24320.55078125,2024-07-11,2024-07-11,24323.849609375,2024-07-05,24300,op080724.csv,op080724_cleaned.csv,True,OPTIDXNIFTY11-JUL-2024CE24300,123.6,143.0,85.7,OPTIDXNIFTY11-JUL-2024PE24300,89.15,144.6,76.65,212.75,219.65,230.3
1720496700,2024-07-09,24443.599609375,24331.900390625,24433.19921875,2024-07-11,2024-07-11,24323.849609375,2024-07-05,24300,op090724.csv,op090724_cleaned.csv,True,OPTIDXNIFTY11-JUL-2024CE24300,183.15,207.8,110.0,OPTIDXNIFTY11-JUL-2024PE24300,34.75,91.5,30.55,217.9,238.35000000000002,201.5
1720583100,2024-07-10,24461.05078125,24141.80078125,24324.44921875,2024-07-11,2024-07-11,24323.849609375,2024-07-05,24300,op100724.csv,op100724_cleaned.csv,True,OPTIDXNIFTY11-JUL-2024CE24300,77.2,190.0,37.1,OPTIDXNIFTY11-JUL-2024PE24300,58.85,191.55,22.25,136.05,212.25,228.65
1720669500,2024-07-11,24402.650390625,24193.75,24315.94921875,2024-07-11,2024-07-11,24323.849609375,2024-07-05,24300,op110724.csv,op110724_cleaned.csv,True,OPTIDXNIFTY11-JUL-2024CE24300,13.75,101.95,4.65,OPTIDXNIFTY11-JUL-2024PE24300,2.4,145.9,0.05,16.15,102.0,150.55
1720755900,2024-07-12,24592.19921875,24331.150390625,24502.150390625,2024-07-18,2024-07-18,24502.150390625,2024-07-12,24500,op120724.csv,op120724_cleaned.csv,True,OPTIDXNIFTY18-JUL-2024CE24500,128.55,191.0,66.35,OPTIDXNIFTY18-JUL-2024PE24500,108.1,190.6,87.0,236.65,278.0,256.95
1721015100,2024-07-15,24635.05078125,24522.75,24586.69921875,2024-07-18,2024-07-18,24502.150390625,2024-07-12,24500,op150724.csv,op150724_cleaned.csv,True,OPTIDXNIFTY18-JUL-2024CE24500,164.9,188.55,127.6,OPTIDXNIFTY18-JUL-2024PE24500,57.95,97.0,51.55,222.85000000000002,240.10000000000002,224.6
1721101500,2024-07-16,24661.25,24587.650390625,24613.0,2024-07-18,2024-07-18,24502.150390625,2024-07-12,24500,op160724.csv,op160724_cleaned.csv,True,OPTIDXNIFTY18-JUL-2024CE24500,161.5,214.85,144.6,OPTIDXNIFTY18-JUL-2024PE24500,25.95,59.25,21.75,187.45,236.6,203.85
1721274300,2024-07-18,24837.75,24504.44921875,24800.849609375,2024-07-18,2024-07-18,24502.150390625,2024-07-12,24500,op180724.csv,op180724_cleaned.csv,True,OPTIDXNIFTY18-JUL-2024CE24500,305.8,352.9,57.0,OPTIDXNIFTY18-JUL-2024PE24500,0.3,57.0,0.05,306.1,352.95,114.0
1721360700,2024-07-19,24854.80078125,24508.150390625,24530.900390625,2024-07-25,2024-07-25,24530.900390625,2024-07-19,24500,op190724.csv,op190724_cleaned.csv,True,OPTIDXNIFTY25-JUL-2024CE24500,246.75,435.25,234.05,OPTIDXNIFTY25-JUL-2024PE24500,220.0,234.5,102.25,466.75,537.5,468.55
1721619900,2024-07-22,24595.19921875,24362.30078125,24509.25,2024-07-25,2024-07-25,24530.900390625,2024-07-19,24500,op220724.csv,op220724_cleaned.csv,True,OPTIDXNIFTY25-JUL-2024CE24500,218.9,282.0,175.25,OPTIDXNIFTY25-JUL-2024PE24500,214.1,296.6,174.1,433.0,456.1,471.85
1721706300,2024-07-23,24582.55078125,24074.19921875,24479.05078125,2024-07-25,2024-07-25,24530.900390625,2024-07-19,24500,op230724.csv,op230724_cleaned.csv,True,OPTIDXNIFTY25-JUL-2024CE24500,101.65,250.0,43.8,OPTIDXNIFTY25-JUL-2024PE24500,131.3,475.75,93.3,232.95000000000002,343.3,519.55
1721792700,2024-07-24,24504.25,24307.25,24413.5,2024-07-25,2024-07-25,24530.900390625,2024-07-19,24500,op240724.csv,op240724_cleaned.csv,True,OPTIDXNIFTY25-JUL-2024CE24500,34.0,98.05,23.0,OPTIDXNIFTY25-JUL-2024PE24500,147.15,257.4,108.0,181.15,206.05,280.4
1721879100,2024-07-25,24426.150390625,24210.80078125,24406.099609375,2024-07-25,2024-07-25,24530.900390625,2024-07-19,24500,op250724.csv,op250724_cleaned.csv,True,OPTIDXNIFTY25-JUL-2024CE24500,0.25,17.65,0.05,OPTIDXNIFTY25-JUL-2024PE24500,97.2,310.65,81.65,97.45,99.30000000000001,310.7
1721965500,2024-07-26,24861.150390625,24410.900390625,24834.849609375,2024-08-01,2024-08-01,24834.849609375,2024-07-26,24800,op260724.csv,op260724_cleaned.csv,True,OPTIDXNIFTY01-AUG-2024CE24800,175.6,191.9,24.05,OPTIDXNIFTY01-AUG-2024PE24800,106.3,418.0,93.0,281.9,284.9,442.05
1722224700,2024-07-29,24999.75,24774.599609375,24836.099609375,2024-08-01,2024-08-01,24834.849609375,2024-07-26,24800,op290724.csv,op290724_cleaned.csv,True,OPTIDXNIFTY01-AUG-2024CE24800,143.95,276.4,116.6,OPTIDXNIFTY01-AUG-2024PE24800,96.3,136.05,42.85,240.25,319.25,252.65
1722311100,2024-07-30,24971.75,24798.650390625,24857.30078125,2024-08-01,2024-08-01,24834.849609375,2024-07-26,24800,op300724.csv,op300724_cleaned.csv,True,OPTIDXNIFTY01-AUG-2024CE24800,146.8,216.25,102.05,OPTIDXNIFTY01-AUG-2024PE24800,61.5,110.5,38.1,208.3,254.35,212.55
1722397500,2024-07-31,24984.599609375,24856.5,24951.150390625,2024-08-01,2024-08-01,24834.849609375,2024-07-26,24800,op310724.csv,op310724_cleaned.csv,True,OPTIDXNIFTY01-AUG-2024CE24800,189.5,214.2,135.85,OPTIDXNIFTY01-AUG-2024PE24800,30.15,66.15,26.15,219.65,240.35,202.0
1722483900,2024-08-01,25078.30078125,24956.400390625,25010.900390625,2024-08-01,2024-08-01,24834.849609375,2024-07-26,24800,op010824.csv,op010824_cleaned.csv,True,OPTIDXNIFTY01-AUG-2024CE24800,203.3,294.45,171.25,OPTIDXNIFTY01-AUG-2024PE24800,0.2,18.0,0.05,203.5,294.5,189.25
1722570300,2024-08-02,24851.900390625,24686.849609375,24717.69921875,2024-08-08,2024-08-08,24717.69921875,2024-08-02,24700,op020824.csv,op020824_cleaned.csv,True,OPTIDXNIFTY08-AUG-2024CE24700,142.5,239.4,123.95,OPTIDXNIFTY08-AUG-2024PE24700,165.55,194.6,89.85,308.05,329.25,318.55
1722829500,2024-08-05,24350.05078125,23893.69921875,24055.599609375,2024-08-08,2024-08-08,24717.69921875,2024-08-02,24700,op050824.csv,op050824_cleaned.csv,True,OPTIDXNIFTY08-AUG-2024CE24700,17.15,54.0,15.65,OPTIDXNIFTY08-AUG-2024PE24700,640.3,837.4,290.0,657.4499999999999,344.0,853.05
1722915900,2024-08-06,24382.599609375,23960.400390625,23992.55078125,2024-08-08,2024-08-08,24717.69921875,2024-08-02,24700,op060824.csv,op060824_cleaned.csv,True,OPTIDXNIFTY08-AUG-2024CE24700,6.3,37.05,5.55,OPTIDXNIFTY08-AUG-2024PE24700,684.9,746.15,353.05,691.1999999999999,390.1,751.6999999999999
1723002300,2024-08-07,24337.69921875,24184.900390625,24297.5,2024-08-08,2024-08-08,24717.69921875,2024-08-02,24700,op070824.csv,op070824_cleaned.csv,True,OPTIDXNIFTY08-AUG-2024CE24700,4.3,13.4,1.55,OPTIDXNIFTY08-AUG-2024PE24700,373.2,517.6,339.15,377.5,352.54999999999995,519.15
1723088700,2024-08-08,24340.5,24079.69921875,24117.0,2024-08-08,2024-08-08,24717.69921875,2024-08-02,24700,op080824.csv,op080824_cleaned.csv,True,OPTIDXNIFTY08-AUG-2024CE24700,0.1,3.9,0.05,OPTIDXNIFTY08-AUG-2024PE24700,569.85,626.35,355.0,569.95,358.9,626.4
1723175100,2024-08-09,24419.75,24311.19921875,24367.5,2024-08-15,2024-08-14,24367.5,2024-08-09,24400,op090824.csv,op090824_cleaned.csv,True,OPTIDXNIFTY14-AUG-2024CE24400,135.25,181.9,116.1,OPTIDXNIFTY14-AUG-2024PE24400,155.6,221.4,139.35,290.85,321.25,337.5
1723434300,2024-08-12,24472.80078125,24212.099609375,24347.0,2024-08-15,2024-08-14,24367.5,2024-08-09,24400,op120824.csv,op120824_cleaned.csv,True,OPTIDXNIFTY14-AUG-2024CE24400,82.65,190.0,64.0,OPTIDXNIFTY14-AUG-2024PE24400,153.65,229.8,83.0,236.3,273.0,293.8
1723520700,2024-08-13,24359.94921875,24116.5,24139.0,2024-08-15,2024-08-14,24367.5,2024-08-09,24400,op130824.csv,op130824_cleaned.csv,True,OPTIDXNIFTY14-AUG-2024CE24400,17.35,92.5,15.5,OPTIDXNIFTY14-AUG-2024PE24400,265.85,319.35,111.6,283.20000000000005,204.1,334.85
1723607100,2024-08-14,24196.5,24099.69921875,24143.75,2024-08-15,2024-08-14,24367.5,2024-08-09,24400,op140824.csv,op140824_cleaned.csv,True,OPTIDXNIFTY14-AUG-2024CE24400,0.15,17.7,0.05,OPTIDXNIFTY14-AUG-2024PE24400,256.05,295.7,217.1,256.2,234.79999999999998,295.75
1723779900,2024-08-16,24563.900390625,24204.5,24541.150390625,2024-08-22,2024-08-22,24541.150390625,2024-08-16,24500,op160824.csv,op160824_cleaned.csv,True,OPTIDXNIFTY22-AUG-2024CE24500,170.0,184.0,49.6,OPTIDXNIFTY22-AUG-2024PE24500,104.7,335.3,94.0,274.7,278.0,384.90000000000003
1724039100,2024-08-19,24638.80078125,24522.94921875,24572.650390625,2024-08-22,2024-08-22,24541.150390625,2024-08-16,24500,op190824.csv,op190824_cleaned.csv,True,OPTIDXNIFTY22-AUG-2024CE24500,148.6,209.95,122.5,OPTIDXNIFTY22-AUG-2024PE24500,78.95,125.0,65.0,227.55,274.95,247.5
1724125500,2024-08-20,24734.30078125,24607.19921875,24698.849609375,2024-08-22,2024-08-22,24541.150390625,2024-08-16,24500,op200824.csv,op200824_cleaned.csv,True,OPTIDXNIFTY22-AUG-2024CE24500,216.7,282.55,150.85,OPTIDXNIFTY22-AUG-2024PE24500,26.5,70.05,20.75,243.2,303.3,220.89999999999998
1724211900,2024-08-21,24787.94921875,24654.5,24770.19921875,2024-08-22,2024-08-22,24541.150390625,2024-08-16,24500,op210824.csv,op210824_cleaned.csv,True,OPTIDXNIFTY22-AUG-2024CE24500,273.15,288.0,191.05,OPTIDXNIFTY22-AUG-2024PE24500,6.35,29.05,5.5,279.5,293.5,220.10000000000002
1724298300,2024-08-22,24867.349609375,24784.44921875,24811.5,2024-08-22,2024-08-22,24541.150390625,2024-08-16,24500,op220824.csv,op220824_cleaned.csv,True,OPTIDXNIFTY22-AUG-2024CE24500,309.5,339.5,254.6,OPTIDXNIFTY22-AUG-2024PE24500,0.1,3.0,0.05,309.6,339.55,257.6
1724384700,2024-08-23,24858.400390625,24771.650390625,24823.150390625,2024-08-29,2024-08-29,24823.150390625,2024-08-23,24800,op230824.csv,op230824_cleaned.csv,True,OPTIDXNIFTY29-AUG-2024CE24800,159.5,180.9,132.0,OPTIDXNIFTY29-AUG-2024PE24800,104.85,141.5,85.0,264.35,265.9,273.5
1724643900,2024-08-26,25043.80078125,24874.69921875,25010.599609375,2024-08-29,2024-08-29,24823.150390625,2024-08-23,24800,op260824.csv,op260824_cleaned.csv,True,OPTIDXNIFTY29-AUG-2024CE24800,274.15,320.45,165.0,OPTIDXNIFTY29-AUG-2024PE24800,29.75,78.0,26.8,303.9,347.25,243.0
1724730300,2024-08-27,25073.099609375,24973.650390625,25017.75,2024-08-29,2024-08-29,24823.150390625,2024-08-23,24800,op270824.csv,op270824_cleaned.csv,True,OPTIDXNIFTY29-AUG-2024CE24800,237.1,308.4,213.8,OPTIDXNIFTY29-AUG-2024PE24800,18.8,34.6,13.3,255.9,321.7,248.4
1724816700,2024-08-28,25129.599609375,24964.650390625,25052.349609375,2024-08-29,2024-08-29,24823.150390625,2024-08-23,24800,op280824.csv,op280824_cleaned.csv,True,OPTIDXNIFTY29-AUG-2024CE24800,251.6,355.0,202.45,OPTIDXNIFTY29-AUG-2024PE24800,5.85,23.0,4.55,257.45,359.55,225.45
1724903100,2024-08-29,25192.900390625,24998.5,25151.94921875,2024-08-29,2024-08-29,24823.150390625,2024-08-23,24800,op290824.csv,op290824_cleaned.csv,True,OPTIDXNIFTY29-AUG-2024CE24800,367.2,417.5,186.0,OPTIDXNIFTY29-AUG-2024PE24800,0.35,13.4,0.05,367.55,417.55,199.4
1724989500,2024-08-30,25268.349609375,25199.400390625,25235.900390625,2024-09-05,2024-09-05,25235.900390625,2024-08-30,25200,op300824.csv,op300824_cleaned.csv,True,OPTIDXNIFTY05-SEP-2024CE25200,180.65,192.85,145.2,OPTIDXNIFTY05-SEP-2024PE25200,80.2,128.0,70.0,260.85,262.85,273.2
1725248700,2024-09-02,25333.650390625,25235.5,25278.69921875,2024-09-05,2024-09-05,25235.900390625,2024-08-30,25200,op020924.csv,op020924_cleaned.csv,True,OPTIDXNIFTY05-SEP-2024CE25200,142.55,213.05,126.0,OPTIDXNIFTY05-SEP-2024PE25200,77.4,105.3,56.3,219.95000000000002,269.35,231.3
1725335100,2024-09-03,25321.69921875,25235.80078125,25279.849609375,2024-09-05,2024-09-05,25235.900390625,2024-08-30,25200,op030924.csv,op030924_cleaned.csv,True,OPTIDXNIFTY05-SEP-2024CE25200,135.0,172.0,121.05,OPTIDXNIFTY05-SEP-2024PE25200,52.45,81.55,43.7,187.45,215.7,202.6
1725421500,2024-09-04,25216.0,25083.80078125,25198.69921875,2024-09-05,2024-09-05,25235.900390625,2024-08-30,25200,op040924.csv,op040924_cleaned.csv,True,OPTIDXNIFTY05-SEP-2024CE25200,54.2,76.9,34.25,OPTIDXNIFTY05-SEP-2024PE25200,82.5,156.0,71.75,136.7,148.65,190.25
1725507900,2024-09-05,25275.44921875,25127.75,25145.099609375,2024-09-05,2024-09-05,25235.900390625,2024-08-30,25200,op050924.csv,op050924_cleaned.csv,True,OPTIDXNIFTY05-SEP-2024CE25200,0.35,91.05,0.05,OPTIDXNIFTY05-SEP-2024PE25200,53.4,87.65,26.9,53.75,117.94999999999999,87.7
1725594300,2024-09-06,25168.75,24801.30078125,24852.150390625,2024-09-12,2024-09-12,24852.150390625,2024-09-06,24900,op060924.csv,op060924_cleaned.csv,True,OPTIDXNIFTY12-SEP-2024CE24900,140.85,324.1,124.9,OPTIDXNIFTY12-SEP-2024PE24900,177.1,219.15,48.55,317.95,372.65000000000003,344.05
1725853500,2024-09-09,24957.5,24753.150390625,24936.400390625,2024-09-12,2024-09-12,24852.150390625,2024-09-06,24900,op090924.csv,op090924_cleaned.csv,True,OPTIDXNIFTY12-SEP-2024CE24900,128.85,151.0,79.45,OPTIDXNIFTY12-SEP-2024PE24900,97.95,213.4,87.15,226.8,238.15,292.85
1725939900,2024-09-10,25130.5,24896.80078125,25041.099609375,2024-09-12,2024-09-12,24852.150390625,2024-09-06,24900,op100924.csv,op100924_cleaned.csv,True,OPTIDXNIFTY12-SEP-2024CE24900,165.15,248.2,87.3,OPTIDXNIFTY12-SEP-2024PE24900,34.5,122.95,22.45,199.65,270.65,210.25
1726026300,2024-09-11,25113.69921875,24885.150390625,24918.44921875,2024-09-12,2024-09-12,24852.150390625,2024-09-06,24900,op110924.csv,op110924_cleaned.csv,True,OPTIDXNIFTY12-SEP-2024CE24900,63.75,219.05,52.9,OPTIDXNIFTY12-SEP-2024PE24900,78.1,98.8,15.8,141.85,234.85000000000002,151.7
1726112700,2024-09-12,25433.349609375,24941.44921875,25388.900390625,2024-09-12,2024-09-12,24852.150390625,2024-09-06,24900,op120924.csv,op120924_cleaned.csv,True,OPTIDXNIFTY12-SEP-2024CE24900,495.0,523.6,77.0,OPTIDXNIFTY12-SEP-2024PE24900,0.45,67.0,0.05,495.45,523.65,144.0
1726199100,2024-09-13,25430.5,25292.44921875,25356.5,2024-09-19,2024-09-19,25356.5,2024-09-13,25400,op130924.csv,op130924_cleaned.csv,True,OPTIDXNIFTY19-SEP-2024CE25400,100.1,139.5,88.05,OPTIDXNIFTY19-SEP-2024PE25400,162.55,219.6,134.55,262.65,274.05,307.65
1726458300,2024-09-16,25445.69921875,25336.19921875,25383.75,2024-09-19,2024-09-19,25356.5,2024-09-13,25400,op160924.csv,op160924_cleaned.csv,True,OPTIDXNIFTY19-SEP-2024CE25400,114.9,149.1,90.85,OPTIDXNIFTY19-SEP-2024PE25400,101.15,159.85,87.45,216.05,236.55,250.7
1726544700,2024-09-17,25441.650390625,25352.25,25418.55078125,2024-09-19,2024-09-19,25356.5,2024-09-13,25400,op170924.csv,op170924_cleaned.csv,True,OPTIDXNIFTY19-SEP-2024CE25400,107.25,128.75,82.3,OPTIDXNIFTY19-SEP-2024PE25400,90.45,134.95,77.65,197.7,206.4,217.25
1726631100,2024-09-18,25482.19921875,25285.55078125,25377.55078125,2024-09-19,2024-09-19,25356.5,2024-09-13,25400,op180924.csv,op180924_cleaned.csv,True,OPTIDXNIFTY19-SEP-2024CE25400,97.5,153.2,65.8,OPTIDXNIFTY19-SEP-2024PE25400,116.5,193.95,60.3,214.0,213.5,259.75
1726717500,2024-09-19,25611.94921875,25376.05078125,25415.80078125,2024-09-19,2024-09-19,25356.5,2024-09-13,25400,op190924.csv,op190924_cleaned.csv,True,OPTIDXNIFTY19-SEP-2024CE25400,9.7,230.9,3.55,OPTIDXNIFTY19-SEP-2024PE25400,1.85,50.0,0.05,11.549999999999999,230.95000000000002,53.55
1726803900,2024-09-20,25849.25,25426.599609375,25790.94921875,2024-09-26,2024-09-26,25790.94921875,2024-09-20,25800,op200924.csv,op200924_cleaned.csv,True,OPTIDXNIFTY26-SEP-2024CE25800,115.6,159.9,32.8,OPTIDXNIFTY26-SEP-2024PE25800,154.35,385.6,137.0,269.95,296.9,418.40000000000003
1727063100,2024-09-23,25956.0,25847.349609375,25939.05078125,2024-09-26,2024-09-26,25790.94921875,2024-09-20,25800,op230924.csv,op230924_cleaned.csv,True,OPTIDXNIFTY26-SEP-2024CE25800,191.5,232.35,146.55,OPTIDXNIFTY26-SEP-2024PE25800,76.0,127.0,71.15,267.5,303.5,273.55
1727149500,2024-09-24,26011.55078125,25886.849609375,25940.400390625,2024-09-26,2024-09-26,25790.94921875,2024-09-20,25800,op240924.csv,op240924_cleaned.csv,True,OPTIDXNIFTY26-SEP-2024CE25800,187.65,245.0,171.05,OPTIDXNIFTY26-SEP-2024PE25800,45.25,82.25,34.8,232.9,279.8,253.3
1727235900,2024-09-25,26032.80078125,25871.349609375,26004.150390625,2024-09-26,2024-09-26,25790.94921875,2024-09-20,25800,op250924.csv,op250924_cleaned.csv,True,OPTIDXNIFTY26-SEP-2024CE25800,206.35,237.45,129.5,OPTIDXNIFTY26-SEP-2024PE25800,13.55,54.0,9.5,219.9,246.95,183.5
1727322300,2024-09-26,26250.900390625,25998.400390625,26216.05078125,2024-09-26,2024-09-26,25790.94921875,2024-09-20,25800,op260924.csv,op260924_cleaned.csv,True,OPTIDXNIFTY26-SEP-2024CE25800,428.9,460.4,185.0,OPTIDXNIFTY26-SEP-2024PE25800,0.35,23.0,0.1,429.25,460.5,208.0
1727408700,2024-09-27,26277.349609375,26151.400390625,26178.94921875,2024-10-03,2024-10-03,26178.94921875,2024-09-27,26200,op270924.csv,op270924_cleaned.csv,True,OPTIDXNIFTY03-OCT-2024CE26200,150.75,200.0,139.0,OPTIDXNIFTY03-OCT-2024PE26200,112.2,155.0,91.35,262.95,291.35,294.0
1727667900,2024-09-30,26134.69921875,25794.099609375,25810.849609375,2024-10-03,2024-10-03,26178.94921875,2024-09-27,26200,op300924.csv,op300924_cleaned.csv,True,OPTIDXNIFTY03-OCT-2024CE26200,24.25,113.95,21.3,OPTIDXNIFTY03-OCT-2024PE26200,372.7,421.95,112.25,396.95,226.2,443.25
1727754300,2024-10-01,25907.599609375,25739.19921875,25796.900390625,2024-10-03,2024-10-03,26178.94921875,2024-09-27,26200,op011024.csv,op011024_cleaned.csv,True,OPTIDXNIFTY03-OCT-2024CE26200,3.8,25.65,3.0,OPTIDXNIFTY03-OCT-2024PE26200,388.45,473.5,298.2,392.25,323.84999999999997,476.5
1727927100,2024-10-03,25639.44921875,25230.30078125,25250.099609375,2024-10-03,2024-10-03,26178.94921875,2024-09-27,26200,op031024.csv,op031024_cleaned.csv,True,OPTIDXNIFTY03-OCT-2024CE26200,0.15,2.0,0.05,OPTIDXNIFTY03-OCT-2024PE26200,947.65,980.65,550.0,947.8,552.0,980.6999999999999
1728013500,2024-10-04,25485.05078125,24966.80078125,25014.599609375,2024-10-10,2024-10-10,25014.599609375,2024-10-04,25000,op041024.csv,op041024_cleaned.csv,True,OPTIDXNIFTY10-OCT-2024CE25000,206.05,573.9,186.05,OPTIDXNIFTY10-OCT-2024PE25000,171.55,194.55,57.0,377.6,630.9,380.6
1728272700,2024-10-07,25143.0,24694.349609375,24795.75,2024-10-10,2024-10-10,25014.599609375,2024-10-04,25000,op071024.csv,op071024_cleaned.csv,True,OPTIDXNIFTY10-OCT-2024CE25000,103.75,268.95,88.0,OPTIDXNIFTY10-OCT-2024PE25000,264.0,357.95,93.9,367.75,362.85,445.95
1728359100,2024-10-08,25044.0,24756.80078125,25013.150390625,2024-10-10,2024-10-10,25014.599609375,2024-10-04,25000,op081024.csv,op081024_cleaned.csv,True,OPTIDXNIFTY10-OCT-2024CE25000,120.65,166.0,78.6,OPTIDXNIFTY10-OCT-2024PE25000,142.9,303.15,108.0,263.55,274.0,381.75
1728445500,2024-10-09,25234.05078125,24947.69921875,24981.94921875,2024-10-10,2024-10-10,25014.599609375,2024-10-04,25000,op091024.csv,op091024_cleaned.csv,True,OPTIDXNIFTY10-OCT-2024CE25000,69.1,264.0,56.2,OPTIDXNIFTY10-OCT-2024PE25000,109.75,139.9,29.0,178.85,293.0,196.10000000000002
1728531900,2024-10-10,25134.05078125,24979.400390625,24998.44921875,2024-10-10,2024-10-10,25014.599609375,2024-10-04,25000,op101024.csv,op101024_cleaned.csv,True,OPTIDXNIFTY10-OCT-2024CE25000,2.05,135.0,0.05,OPTIDXNIFTY10-OCT-2024PE25000,2.7,79.0,0.3,4.75,135.3,79.05
1728618300,2024-10-11,25028.650390625,24920.05078125,24964.25,2024-10-17,2024-10-17,24964.25,2024-10-11,25000,op111024.csv,op111024_cleaned.csv,True,OPTIDXNIFTY17-OCT-2024CE25000,124.2,186.5,115.5,OPTIDXNIFTY17-OCT-2024PE25000,161.35,203.15,126.2,285.55,312.7,318.65
1728877500,2024-10-14,25159.75,25017.5,25127.94921875,2024-10-17,2024-10-17,24964.25,2024-10-11,25000,op141024.csv,op141024_cleaned.csv,True,OPTIDXNIFTY17-OCT-2024CE25000,193.7,232.7,125.0,OPTIDXNIFTY17-OCT-2024PE25000,61.2,154.0,51.6,254.89999999999998,284.3,279.0
1728963900,2024-10-15,25212.05078125,25008.150390625,25057.349609375,2024-10-17,2024-10-17,24964.25,2024-10-11,25000,op151024.csv,op151024_cleaned.csv,True,OPTIDXNIFTY17-OCT-2024CE25000,113.55,238.0,95.6,OPTIDXNIFTY17-OCT-2024PE25000,76.3,118.0,31.8,189.85,269.8,213.6
1729050300,2024-10-16,25093.400390625,24908.44921875,24971.30078125,2024-10-17,2024-10-17,24964.25,2024-10-11,25000,op161024.csv,op161024_cleaned.csv,True,OPTIDXNIFTY17-OCT-2024CE25000,60.6,149.0,47.6,OPTIDXNIFTY17-OCT-2024PE25000,71.45,143.0,38.35,132.05,187.35,190.6
1729136700,2024-10-17,25029.5,24728.900390625,24749.849609375,2024-10-17,2024-10-17,24964.25,2024-10-11,25000,op171024.csv,op171024_cleaned.csv,True,OPTIDXNIFTY17-OCT-2024CE25000,0.2,68.9,0.05,OPTIDXNIFTY17-OCT-2024PE25000,248.6,256.95,51.0,248.79999999999998,119.9,257.0
1729223100,2024-10-18,24886.19921875,24567.650390625,24854.05078125,2024-10-24,2024-10-24,24854.05078125,2024-10-18,24900,op181024.csv,op181024_cleaned.csv,True,OPTIDXNIFTY24-OCT-2024CE24900,129.45,169.4,58.3,OPTIDXNIFTY24-OCT-2024PE24900,138.95,357.15,121.55,268.4,290.95,415.45
1729482300,2024-10-21,24978.30078125,24679.599609375,24781.099609375,2024-10-24,2024-10-24,24854.05078125,2024-10-18,24900,op211024.csv,op211024_cleaned.csv,True,OPTIDXNIFTY24-OCT-2024CE24900,56.0,164.8,45.6,OPTIDXNIFTY24-OCT-2024PE24900,207.05,292.9,85.0,263.05,249.8,338.5
1729568700,2024-10-22,24882.0,24445.80078125,24472.099609375,2024-10-24,2024-10-24,24854.05078125,2024-10-18,24900,op221024.csv,op221024_cleaned.csv,True,OPTIDXNIFTY24-OCT-2024CE24900,13.85,101.1,11.8,OPTIDXNIFTY24-OCT-2024PE24900,424.35,452.55,106.5,438.20000000000005,207.6,464.35
1729655100,2024-10-23,24604.25,24378.099609375,24435.5,2024-10-24,2024-10-24,24854.05078125,2024-10-18,24900,op231024.csv,op231024_cleaned.csv,True,OPTIDXNIFTY24-OCT-2024CE24900,1.9,14.85,1.6,OPTIDXNIFTY24-OCT-2024PE24900,467.65,496.95,282.95,469.54999999999995,297.8,498.55
1729741500,2024-10-24,24480.650390625,24341.19921875,24399.400390625,2024-10-24,2024-10-24,24854.05078125,2024-10-18,24900,op241024.csv,op241024_cleaned.csv,True,OPTIDXNIFTY24-OCT-2024CE24900,0.1,1.7,0.05,OPTIDXNIFTY24-OCT-2024PE24900,499.45,570.0,412.8,499.55,414.5,570.05
1729827900,2024-10-25,24440.25,24073.900390625,24180.80078125,2024-10-31,2024-10-31,24180.80078125,2024-10-25,24200,op251024.csv,op251024_cleaned.csv,True,OPTIDXNIFTY31-OCT-2024CE24200,147.9,338.85,99.0,OPTIDXNIFTY31-OCT-2024PE24200,156.05,236.15,66.7,303.95000000000005,405.55,335.15
1730087100,2024-10-28,24492.599609375,24134.900390625,24339.150390625,2024-10-31,2024-10-31,24180.80078125,2024-10-25,24200,op281024.csv,op281024_cleaned.csv,True,OPTIDXNIFTY31-OCT-2024CE24200,209.9,331.0,127.5,OPTIDXNIFTY31-OCT-2024PE24200,63.05,167.0,38.0,272.95,369.0,294.5
1730173500,2024-10-29,24484.5,24140.849609375,24466.849609375,2024-10-31,2024-10-31,24180.80078125,2024-10-25,24200,op291024.csv,op291024_cleaned.csv,True,OPTIDXNIFTY31-OCT-2024CE24200,296.75,318.0,106.0,OPTIDXNIFTY31-OCT-2024PE24200,22.05,144.8,18.2,318.8,336.2,250.8
1730259900,2024-10-30,24498.19921875,24307.30078125,24340.849609375,2024-10-31,2024-10-31,24180.80078125,2024-10-25,24200,op301024.csv,op301024_cleaned.csv,True,OPTIDXNIFTY31-OCT-2024CE24200,190.4,328.2,157.0,OPTIDXNIFTY31-OCT-2024PE24200,22.2,46.0,9.4,212.6,337.59999999999997,203.0
1730346300,2024-10-31,24372.44921875,24172.599609375,24205.349609375,2024-10-31,2024-10-31,24180.80078125,2024-10-25,24200,op311024.csv,op311024_cleaned.csv,True,OPTIDXNIFTY31-OCT-2024CE24200,5.4,170.05,1.95,OPTIDXNIFTY31-OCT-2024PE24200,1.6,38.95,0.05,7.0,170.10000000000002,40.900000000000006
1730432700,2024-11-01,24368.25,24280.19921875,24304.349609375,2024-11-07,2024-11-07,24304.349609375,2024-11-01,24300,op011124.csv,op011124_cleaned.csv,True,OPTIDXNIFTY07-NOV-2024CE24300,192.95,217.75,180.0,OPTIDXNIFTY07-NOV-2024PE24300,215.5,241.2,204.0,408.45,421.75,421.2
1730691900,2024-11-04,24316.75,23816.150390625,23995.349609375,2024-11-07,2024-11-07,24304.349609375,2024-11-01,24300,op041124.csv,op041124_cleaned.csv,True,OPTIDXNIFTY07-NOV-2024CE24300,73.7,180.0,47.35,OPTIDXNIFTY07-NOV-2024PE24300,369.25,559.7,195.45,442.95,375.45,607.0500000000001
1730778300,2024-11-05,24229.05078125,23842.75,24213.30078125,2024-11-07,2024-11-07,24304.349609375,2024-11-01,24300,op051124.csv,op051124_cleaned.csv,True,OPTIDXNIFTY07-NOV-2024CE24300,101.7,115.15,39.2,OPTIDXNIFTY07-NOV-2024PE24300,230.25,483.6,210.5,331.95,325.65,522.8000000000001
1730864700,2024-11-06,24537.599609375,24204.05078125,24484.05078125,2024-11-07,2024-11-07,24304.349609375,2024-11-01,24300,op061124.csv,op061124_cleaned.csv,True,OPTIDXNIFTY07-NOV-2024CE24300,184.1,260.1,86.0,OPTIDXNIFTY07-NOV-2024PE24300,25.05,211.45,18.2,209.15,278.3,297.45
1730951100,2024-11-07,24503.349609375,24179.05078125,24199.349609375,2024-11-07,2024-11-07,24304.349609375,2024-11-01,24300,op071124.csv,op071124_cleaned.csv,True,OPTIDXNIFTY07-NOV-2024CE24300,0.15,182.1,0.05,OPTIDXNIFTY07-NOV-2024PE24300,100.0,140.7,16.1,100.15,198.2,140.75
1731037500,2024-11-08,24276.150390625,24066.650390625,24148.19921875,2024-11-14,2024-11-14,24148.19921875,2024-11-08,24100,op081124.csv,op081124_cleaned.csv,True,OPTIDXNIFTY14-NOV-2024CE24100,176.5,311.35,155.05,OPTIDXNIFTY14-NOV-2024PE24100,123.85,195.0,98.0,300.35,409.35,350.05
1731296700,2024-11-11,24336.80078125,24004.599609375,24141.30078125,2024-11-14,2024-11-14,24148.19921875,2024-11-08,24100,op111124.csv,op111124_cleaned.csv,True,OPTIDXNIFTY14-NOV-2024CE24100,148.55,298.3,109.35,OPTIDXNIFTY14-NOV-2024PE24100,92.65,195.0,38.65,241.20000000000002,336.95,304.35
1731383100,2024-11-12,24242.0,23839.150390625,23883.44921875,2024-11-14,2024-11-14,24148.19921875,2024-11-08,24100,op121124.csv,op121124_cleaned.csv,True,OPTIDXNIFTY14-NOV-2024CE24100,39.15,200.75,33.15,OPTIDXNIFTY14-NOV-2024PE24100,239.9,272.4,53.6,279.05,254.35,305.54999999999995
1731469500,2024-11-13,23873.599609375,23509.599609375,23559.05078125,2024-11-14,2024-11-14,24148.19921875,2024-11-08,24100,op131124.csv,op131124_cleaned.csv,True,OPTIDXNIFTY14-NOV-2024CE24100,3.6,35.7,2.85,OPTIDXNIFTY14-NOV-2024PE24100,533.5,589.3,255.7,537.1,291.4,592.15
1731555900,2024-11-14,23675.900390625,23484.150390625,23532.69921875,2024-11-14,2024-11-14,24148.19921875,2024-11-08,24100,op141124.csv,op141124_cleaned.csv,True,OPTIDXNIFTY14-NOV-2024CE24100,0.1,3.15,0.05,OPTIDXNIFTY14-NOV-2024PE24100,575.05,627.95,437.4,575.15,440.54999999999995,628.0
1731901500,2024-11-18,23606.80078125,23350.400390625,23453.80078125,2024-11-21,2024-11-21,23453.80078125,2024-11-18,23500,op181124.csv,op181124_cleaned.csv,True,OPTIDXNIFTY21-NOV-2024CE23500,97.05,198.95,69.0,OPTIDXNIFTY21-NOV-2024PE23500,139.55,233.0,89.7,236.60000000000002,288.65,302.0
1731987900,2024-11-19,23780.650390625,23464.80078125,23518.5,2024-11-21,2024-11-21,23453.80078125,2024-11-18,23500,op191124.csv,op191124_cleaned.csv,True,OPTIDXNIFTY21-NOV-2024CE23500,98.75,307.8,81.1,OPTIDXNIFTY21-NOV-2024PE23500,114.1,144.0,17.6,212.85,325.40000000000003,225.1
1732160700,2024-11-21,23507.30078125,23263.150390625,23349.900390625,2024-11-21,2024-11-21,23453.80078125,2024-11-18,23500,op211124.csv,op211124_cleaned.csv,True,OPTIDXNIFTY21-NOV-2024CE23500,0.3,98.75,0.05,OPTIDXNIFTY21-NOV-2024PE23500,153.25,260.0,105.0,153.55,203.75,260.05
1732247100,2024-11-22,23956.099609375,23359.0,23907.25,2024-11-28,2024-11-28,23907.25,2024-11-22,23900,op221124.csv,op221124_cleaned.csv,True,OPTIDXNIFTY28-NOV-2024CE23900,192.75,242.2,23.65,OPTIDXNIFTY28-NOV-2024PE23900,205.95,538.85,180.65,398.7,422.85,562.5
1732506300,2024-11-25,24351.55078125,24135.44921875,24221.900390625,2024-11-28,2024-11-28,23907.25,2024-11-22,23900,op251124.csv,op251124_cleaned.csv,True,OPTIDXNIFTY28-NOV-2024CE23900,406.15,499.0,303.65,OPTIDXNIFTY28-NOV-2024PE23900,42.2,84.8,29.55,448.34999999999997,528.55,388.45
1732592700,2024-11-26,24343.30078125,24125.400390625,24194.5,2024-11-28,2024-11-28,23907.25,2024-11-22,23900,op261124.csv,op261124_cleaned.csv,True,OPTIDXNIFTY28-NOV-2024CE23900,343.45,463.25,279.2,OPTIDXNIFTY28-NOV-2024PE23900,25.45,49.15,18.8,368.9,482.05,328.34999999999997
1732679100,2024-11-27,24354.55078125,24145.650390625,24274.900390625,2024-11-28,2024-11-28,23907.25,2024-11-22,23900,op271124.csv,op271124_cleaned.csv,True,OPTIDXNIFTY28-NOV-2024CE23900,404.6,490.7,278.8,OPTIDXNIFTY28-NOV-2024PE23900,5.05,26.95,4.25,409.65000000000003,494.95,305.75
1732765500,2024-11-28,24345.75,23873.349609375,23914.150390625,2024-11-28,2024-11-28,23907.25,2024-11-22,23900,op281124.csv,op281124_cleaned.csv,True,OPTIDXNIFTY28-NOV-2024CE23900,8.2,565.55,2.85,OPTIDXNIFTY28-NOV-2024PE23900,7.3,118.6,0.1,15.5,565.65,121.44999999999999
1732851900,2024-11-29,24188.44921875,23927.150390625,24131.099609375,2024-12-05,2024-12-05,24131.099609375,2024-11-29,24100,op291124.csv,op291124_cleaned.csv,True,OPTIDXNIFTY05-DEC-2024CE24100,207.75,250.0,141.0,OPTIDXNIFTY05-DEC-2024PE24100,117.8,242.0,101.0,325.55,351.0,383.0
1733111100,2024-12-02,24301.69921875,24008.650390625,24276.05078125,2024-12-05,2024-12-05,24131.099609375,2024-11-29,24100,op021224.csv,op021224_cleaned.csv,True,OPTIDXNIFTY05-DEC-2024CE24100,288.95,323.0,124.2,OPTIDXNIFTY05-DEC-2024PE24100,81.95,181.9,72.8,370.9,395.8,306.1
1733197500,2024-12-03,24481.349609375,24280.0,24457.150390625,2024-12-05,2024-12-05,24131.099609375,2024-11-29,24100,op031224.csv,op031224_cleaned.csv,True,OPTIDXNIFTY05-DEC-2024CE24100,378.95,416.9,276.05,OPTIDXNIFTY05-DEC-2024PE24100,40.0,94.6,32.1,418.95,449.0,370.65
1733283900,2024-12-04,24573.19921875,24366.30078125,24467.44921875,2024-12-05,2024-12-05,24131.099609375,2024-11-29,24100,op041224.csv,op041224_cleaned.csv,True,OPTIDXNIFTY05-DEC-2024CE24100,379.4,484.8,284.85,OPTIDXNIFTY05-DEC-2024PE24100,24.8,55.5,14.05,404.2,498.85,340.35
1733370300,2024-12-05,24857.75,24295.55078125,24708.400390625,2024-12-05,2024-12-05,24131.099609375,2024-11-29,24100,op051224.csv,op051224_cleaned.csv,True,OPTIDXNIFTY05-DEC-2024CE24100,568.95,780.0,241.0,OPTIDXNIFTY05-DEC-2024PE24100,0.9,64.9,0.05,569.85,780.05,305.9
